<?xml version="1.0" encoding="UTF-8" standalone="no"?>
<bookings>
<booking id="017dd8c1-1d01-4717-8255-e0d9c8526604">
    <bookingid>3bcae1dc-645b-4580-966e-251b371a8911</bookingid>
    <serviceid>dad2b45b-1feb-471b-820f-d430ed2a74d1</serviceid>
    <date>2016-12-01</date>
    <email>aaa</email>
  </booking>
<booking id="0a842f96-0168-4eda-9c8f-06e5e7ac8b84">
    <bookingid>56f656ce-faf6-4196-b7ef-f9c0aeaa33f8</bookingid>
    <serviceid>dad2b45b-1feb-471b-820f-d430ed2a74d1</serviceid>
    <date>2016-12-01</date>
    <email>bbb</email>
  </booking>
<booking id="a62b70bf-e933-4ffc-ac02-3b9ce8b76d65">
    <bookingid>8a1c1785-6206-4ce5-9388-a76922f6f4ba</bookingid>
    <serviceid>dad2b45b-1feb-471b-820f-d430ed2a74d1</serviceid>
    <date>2016-12-03</date>
    <email>aaa</email>
  </booking>
<booking id="e4981ee3-2e7a-4007-9d51-dc3883d4cf7b">
    <bookingid>e2d2c2d7-7ebd-4832-a516-a4e6a9718261</bookingid>
    <serviceid>dad2b45b-1feb-471b-820f-d430ed2a74d1</serviceid>
    <date>2017-01-05</date>
    <email>kecen</email>
  </booking>
<booking id="c2c3080a-7904-438f-89b1-02990f825107">
    <bookingid>da8873b0-4bd5-4997-9ec0-60fcfbfbdec3</bookingid>
    <serviceid>dad2b45b-1feb-471b-820f-d430ed2a74d1</serviceid>
    <date>2017-01-05</date>
    <email>zzz</email>
  </booking>
<booking id="655925d6-f8f6-45a1-920f-d461d6dea56b">
    <bookingid>2714ca96-11c7-42b6-9d2c-f13fae296b85</bookingid>
    <serviceid>dad2b45b-1feb-471b-820f-d430ed2a74d1</serviceid>
    <date>2016-12-14</date>
    <email>sss</email>
  </booking>
<booking id="d4493acc-983f-4913-9a35-3ec7d8754d32">
    <bookingid>4886aa0f-53c7-4299-b252-eb2170bc2fae</bookingid>
    <serviceid>dad2b45b-1feb-471b-820f-d430ed2a74d1</serviceid>
    <date>2017-12-02</date>
    <email>a</email>
  </booking>
  <booking id="3af0d046-79ac-473c-96f5-322e041d479e">
    <bookingid>4886aa0f-53c7-4299-b252-eb2170bc2fae</bookingid>
    <serviceid>dad2b45b-1feb-471b-820f-d430ed2a74d1</serviceid>
    <date>2017-12-02</date>
    <email>a</email>
  </booking>
<booking id="b21f3b44-7f1e-4970-a94f-08d69cfc4f61">
    <bookingid>475ac9f9-c668-4ddb-91b1-62d5751ce264</bookingid>
    <serviceid>77bf51e6-b658-40b4-8fb0-f38eb5a6a5ec</serviceid>
    <date>2017-12-06</date>
    <email>eedd</email>
  </booking>
<booking id="16e58a03-2530-46d0-bced-f649af5fba01">
    <bookingid>c47be823-01c9-4299-8d2e-0c6cb0db03c4</bookingid>
    <serviceid>77bf51e6-b658-40b4-8fb0-f38eb5a6a5ec</serviceid>
    <date>2017-12-06</date>
    <email>yyy</email>
  </booking>
<booking id="b9a3160b-445e-4bf3-8c45-ecce75c5314a">
    <bookingid>bac96692-1bc1-4251-8890-ad9ba6f5a618</bookingid>
    <serviceid>dad2b45b-1feb-471b-820f-d430ed2a74d1</serviceid>
    <date>2017-12-06</date>
    <email>y</email>
  </booking>
  <booking id="f12808b9-f5a3-4daf-8190-577485e9dad9">
    <bookingid>bac96692-1bc1-4251-8890-ad9ba6f5a618</bookingid>
    <serviceid>6a1742ce-a332-4240-ba42-5760ae05f849</serviceid>
    <date>2017-12-06</date>
    <email>y</email>
  </booking>
<booking id="cf979058-1952-43c6-be53-324b7cf74475">
    <bookingid>3e8fc7e0-0a72-4602-845b-84785f276f35</bookingid>
    <serviceid>6a1742ce-a332-4240-ba42-5760ae05f849</serviceid>
    <date>2017-12-06</date>
    <email>j</email>
  </booking>
  <booking id="d7f5c9a8-d5f5-47ec-a995-bc9aec73b3e5">
    <bookingid>3e8fc7e0-0a72-4602-845b-84785f276f35</bookingid>
    <serviceid>77bf51e6-b658-40b4-8fb0-f38eb5a6a5ec</serviceid>
    <date>2017-12-06</date>
    <email>j</email>
  </booking>
<booking id="0f138b7b-a74e-42eb-a6ad-fa9075c6cf6f">
    <bookingid>1ef50e79-1195-4b94-a15e-c93e8a8bfcb1</bookingid>
    <serviceid>6a1742ce-a332-4240-ba42-5760ae05f849</serviceid>
    <date>2016-12-09</date>
    <email>k</email>
  </booking>
  <booking id="1706d88e-9a30-4005-982a-08a466e62657">
    <bookingid>1ef50e79-1195-4b94-a15e-c93e8a8bfcb1</bookingid>
    <serviceid>77bf51e6-b658-40b4-8fb0-f38eb5a6a5ec</serviceid>
    <date>2016-12-09</date>
    <email>k</email>
  </booking>
<booking id="4a50bbf3-6c52-4c66-831e-2566e61dd024">
    <bookingid>4743cf21-03c6-4324-8346-3fc872c2e0da</bookingid>
    <serviceid>6a1742ce-a332-4240-ba42-5760ae05f849</serviceid>
    <date>2016-12-01</date>
    <email>ll</email>
  </booking>
  <booking id="c7880f9e-a757-4166-9da4-79cda2416ab4">
    <bookingid>4743cf21-03c6-4324-8346-3fc872c2e0da</bookingid>
    <serviceid>77bf51e6-b658-40b4-8fb0-f38eb5a6a5ec</serviceid>
    <date>2016-12-01</date>
    <email>ll</email>
  </booking>
  <booking id="21846c23-9c9d-48fb-bc75-8737ae23cfcd">
    <bookingid>4743cf21-03c6-4324-8346-3fc872c2e0da</bookingid>
    <serviceid>56aff76b-0fd3-4ef3-865b-d5479a25c9f5</serviceid>
    <date>2016-12-01</date>
    <email>ll</email>
  </booking>
  <booking id="53998d17-ea92-48d6-8ca2-58f09bd3fa45">
    <bookingid>4743cf21-03c6-4324-8346-3fc872c2e0da</bookingid>
    <serviceid>56aff76b-0fd3-4ef3-865b-d5479a25c9f5</serviceid>
    <date>2016-12-01</date>
    <email>ll</email>
  </booking>
<booking id="bbabec03-ba06-4f94-8eee-aeb163c948f2">
    <bookingid>783da3b6-4adc-415b-b213-71401d067953</bookingid>
    <serviceid>6a1742ce-a332-4240-ba42-5760ae05f849</serviceid>
    <date>2016-12-22</date>
    <email>olo</email>
  </booking>
  <booking id="974f0979-e9e6-4df8-907f-61e3c3fb37a7">
    <bookingid>783da3b6-4adc-415b-b213-71401d067953</bookingid>
    <serviceid>6a1742ce-a332-4240-ba42-5760ae05f849</serviceid>
    <date>2016-12-22</date>
    <email>olo</email>
  </booking>
  <booking id="5a53c646-4974-40c3-97bb-cfbdd3229af0">
    <bookingid>783da3b6-4adc-415b-b213-71401d067953</bookingid>
    <serviceid>77bf51e6-b658-40b4-8fb0-f38eb5a6a5ec</serviceid>
    <date>2016-12-22</date>
    <email>olo</email>
  </booking>
  <booking id="ea056a6f-27c4-4cd2-bce0-d785ade075a7">
    <bookingid>783da3b6-4adc-415b-b213-71401d067953</bookingid>
    <serviceid>77bf51e6-b658-40b4-8fb0-f38eb5a6a5ec</serviceid>
    <date>2016-12-22</date>
    <email>olo</email>
  </booking>
  <booking id="2ec0bfb4-e81f-42a9-9e56-4cdf51910b2a">
    <bookingid>783da3b6-4adc-415b-b213-71401d067953</bookingid>
    <serviceid>56aff76b-0fd3-4ef3-865b-d5479a25c9f5</serviceid>
    <date>2016-12-22</date>
    <email>olo</email>
  </booking>
  <booking id="945f4e46-cb57-4554-af9c-07f16ddaffbb">
    <bookingid>783da3b6-4adc-415b-b213-71401d067953</bookingid>
    <serviceid>56aff76b-0fd3-4ef3-865b-d5479a25c9f5</serviceid>
    <date>2016-12-22</date>
    <email>olo</email>
  </booking>
  <booking id="d748fb11-798d-4707-b7b3-1965d55d8384">
    <bookingid>783da3b6-4adc-415b-b213-71401d067953</bookingid>
    <serviceid>56aff76b-0fd3-4ef3-865b-d5479a25c9f5</serviceid>
    <date>2016-12-22</date>
    <email>olo</email>
  </booking>
  <booking id="0ef83d78-9fc6-4295-b4b4-81d41e43c1b3">
    <bookingid>783da3b6-4adc-415b-b213-71401d067953</bookingid>
    <serviceid>6a1742ce-a332-4240-ba42-5760ae05f849</serviceid>
    <date>2016-12-23</date>
    <email>olo</email>
  </booking>
  <booking id="ce41236f-7521-47ac-b29b-b39deeade88f">
    <bookingid>783da3b6-4adc-415b-b213-71401d067953</bookingid>
    <serviceid>6a1742ce-a332-4240-ba42-5760ae05f849</serviceid>
    <date>2016-12-23</date>
    <email>olo</email>
  </booking>
  <booking id="04a0206e-ba08-4109-81f3-904b534f4fe2">
    <bookingid>783da3b6-4adc-415b-b213-71401d067953</bookingid>
    <serviceid>77bf51e6-b658-40b4-8fb0-f38eb5a6a5ec</serviceid>
    <date>2016-12-23</date>
    <email>olo</email>
  </booking>
  <booking id="d26512e4-f25b-461e-8a91-8fa393bdc64f">
    <bookingid>783da3b6-4adc-415b-b213-71401d067953</bookingid>
    <serviceid>77bf51e6-b658-40b4-8fb0-f38eb5a6a5ec</serviceid>
    <date>2016-12-23</date>
    <email>olo</email>
  </booking>
  <booking id="e2690576-90d7-4a97-8865-996b4a064dba">
    <bookingid>783da3b6-4adc-415b-b213-71401d067953</bookingid>
    <serviceid>56aff76b-0fd3-4ef3-865b-d5479a25c9f5</serviceid>
    <date>2016-12-23</date>
    <email>olo</email>
  </booking>
  <booking id="84fd1c50-d323-4d5c-afc7-34d0871eba74">
    <bookingid>783da3b6-4adc-415b-b213-71401d067953</bookingid>
    <serviceid>56aff76b-0fd3-4ef3-865b-d5479a25c9f5</serviceid>
    <date>2016-12-23</date>
    <email>olo</email>
  </booking>
  <booking id="2077aa9e-1c67-4e45-b3b8-5ad70481c893">
    <bookingid>783da3b6-4adc-415b-b213-71401d067953</bookingid>
    <serviceid>56aff76b-0fd3-4ef3-865b-d5479a25c9f5</serviceid>
    <date>2016-12-23</date>
    <email>olo</email>
  </booking>
  <booking id="5e6ce3b9-b3e0-4083-a27a-5cb0348fff3a">
    <bookingid>783da3b6-4adc-415b-b213-71401d067953</bookingid>
    <serviceid>6a1742ce-a332-4240-ba42-5760ae05f849</serviceid>
    <date>2016-12-24</date>
    <email>olo</email>
  </booking>
  <booking id="f0e3d9a1-6a57-4938-8fce-ac2428cc4448">
    <bookingid>783da3b6-4adc-415b-b213-71401d067953</bookingid>
    <serviceid>6a1742ce-a332-4240-ba42-5760ae05f849</serviceid>
    <date>2016-12-24</date>
    <email>olo</email>
  </booking>
  <booking id="b31e84f9-ff1b-422f-b4e7-83d39a79e9ff">
    <bookingid>783da3b6-4adc-415b-b213-71401d067953</bookingid>
    <serviceid>77bf51e6-b658-40b4-8fb0-f38eb5a6a5ec</serviceid>
    <date>2016-12-24</date>
    <email>olo</email>
  </booking>
  <booking id="f5df24d6-0234-436b-a3a3-12044c88b62e">
    <bookingid>783da3b6-4adc-415b-b213-71401d067953</bookingid>
    <serviceid>77bf51e6-b658-40b4-8fb0-f38eb5a6a5ec</serviceid>
    <date>2016-12-24</date>
    <email>olo</email>
  </booking>
  <booking id="f5eba71c-7f7d-494d-bc6d-544c4cce9343">
    <bookingid>783da3b6-4adc-415b-b213-71401d067953</bookingid>
    <serviceid>56aff76b-0fd3-4ef3-865b-d5479a25c9f5</serviceid>
    <date>2016-12-24</date>
    <email>olo</email>
  </booking>
  <booking id="c48b7d95-2324-49a1-aff7-53cefe3e4c2a">
    <bookingid>783da3b6-4adc-415b-b213-71401d067953</bookingid>
    <serviceid>56aff76b-0fd3-4ef3-865b-d5479a25c9f5</serviceid>
    <date>2016-12-24</date>
    <email>olo</email>
  </booking>
  <booking id="2cd7ad2c-703e-4641-8780-5ae2687c0ecc">
    <bookingid>783da3b6-4adc-415b-b213-71401d067953</bookingid>
    <serviceid>56aff76b-0fd3-4ef3-865b-d5479a25c9f5</serviceid>
    <date>2016-12-24</date>
    <email>olo</email>
  </booking>
<booking id="7c868d99-454b-4f36-8e85-7b0ac8de2b9f">
    <bookingid>34f461a7-2c0a-419c-91dd-2697592d152e</bookingid>
    <serviceid>6a1742ce-a332-4240-ba42-5760ae05f849</serviceid>
    <date>2016-12-24</date>
    <email>ll</email>
  </booking>
  <booking id="252064ae-cd8e-45d9-b2b0-70d6c4ae00ee">
    <bookingid>34f461a7-2c0a-419c-91dd-2697592d152e</bookingid>
    <serviceid>77bf51e6-b658-40b4-8fb0-f38eb5a6a5ec</serviceid>
    <date>2016-12-24</date>
    <email>ll</email>
  </booking>
  <booking id="f1bd2033-49f1-4f95-bf26-508b68fe9f0a">
    <bookingid>34f461a7-2c0a-419c-91dd-2697592d152e</bookingid>
    <serviceid>56aff76b-0fd3-4ef3-865b-d5479a25c9f5</serviceid>
    <date>2016-12-24</date>
    <email>ll</email>
  </booking>
  <booking id="fc5ce100-c1ca-483e-9c45-bf68c3288324">
    <bookingid>34f461a7-2c0a-419c-91dd-2697592d152e</bookingid>
    <serviceid>6a1742ce-a332-4240-ba42-5760ae05f849</serviceid>
    <date>2016-12-25</date>
    <email>ll</email>
  </booking>
  <booking id="b4ccbc19-2d3c-4fd9-b406-41263a2ed8e1">
    <bookingid>34f461a7-2c0a-419c-91dd-2697592d152e</bookingid>
    <serviceid>77bf51e6-b658-40b4-8fb0-f38eb5a6a5ec</serviceid>
    <date>2016-12-25</date>
    <email>ll</email>
  </booking>
  <booking id="be8484b2-d723-4bf0-8ac0-ca7131de65b9">
    <bookingid>34f461a7-2c0a-419c-91dd-2697592d152e</bookingid>
    <serviceid>56aff76b-0fd3-4ef3-865b-d5479a25c9f5</serviceid>
    <date>2016-12-25</date>
    <email>ll</email>
  </booking>
<booking id="f0ea480d-2d2b-45c7-a792-e91a05cd467b">
    <bookingid>9c0fbbce-2514-477a-9a0b-7672a2c893b6</bookingid>
    <serviceid>dad2b45b-1feb-471b-820f-d430ed2a74d1</serviceid>
    <date>2016-12-24</date>
    <email>ii</email>
  </booking>
  <booking id="b5696dfb-b2a3-424c-8ea0-69e7d406af92">
    <bookingid>9c0fbbce-2514-477a-9a0b-7672a2c893b6</bookingid>
    <serviceid>6a1742ce-a332-4240-ba42-5760ae05f849</serviceid>
    <date>2016-12-24</date>
    <email>ii</email>
  </booking>
  <booking id="0eb45022-4e6b-471b-998d-cd95ba67fd3d">
    <bookingid>9c0fbbce-2514-477a-9a0b-7672a2c893b6</bookingid>
    <serviceid>6a1742ce-a332-4240-ba42-5760ae05f849</serviceid>
    <date>2016-12-24</date>
    <email>ii</email>
  </booking>
  <booking id="afc78807-773f-4f72-8a82-dc25c4aaeb99">
    <bookingid>9c0fbbce-2514-477a-9a0b-7672a2c893b6</bookingid>
    <serviceid>dad2b45b-1feb-471b-820f-d430ed2a74d1</serviceid>
    <date>2016-12-25</date>
    <email>ii</email>
  </booking>
  <booking id="b649c0c2-1a6e-4dc7-b77f-d49f49339a89">
    <bookingid>9c0fbbce-2514-477a-9a0b-7672a2c893b6</bookingid>
    <serviceid>6a1742ce-a332-4240-ba42-5760ae05f849</serviceid>
    <date>2016-12-25</date>
    <email>ii</email>
  </booking>
  <booking id="beb2b2a1-d731-4bc1-b7d7-e739391a90df">
    <bookingid>9c0fbbce-2514-477a-9a0b-7672a2c893b6</bookingid>
    <serviceid>6a1742ce-a332-4240-ba42-5760ae05f849</serviceid>
    <date>2016-12-25</date>
    <email>ii</email>
  </booking>
<booking id="53a805a4-be0f-4706-bcd2-681e3930a5b3">
    <bookingid>f8574b68-cd21-46c9-af42-ef2dad469446</bookingid>
    <serviceid>6a1742ce-a332-4240-ba42-5760ae05f849</serviceid>
    <date>2016-12-29</date>
    <email>pp</email>
  </booking>
  <booking id="814ff05a-63ab-4b6e-a88f-eb4616cb6bfc">
    <bookingid>f8574b68-cd21-46c9-af42-ef2dad469446</bookingid>
    <serviceid>6a1742ce-a332-4240-ba42-5760ae05f849</serviceid>
    <date>2016-12-29</date>
    <email>pp</email>
  </booking>
  <booking id="7eee3478-49d2-406b-824f-0a486e72c3a5">
    <bookingid>f8574b68-cd21-46c9-af42-ef2dad469446</bookingid>
    <serviceid>77bf51e6-b658-40b4-8fb0-f38eb5a6a5ec</serviceid>
    <date>2016-12-29</date>
    <email>pp</email>
  </booking>
<booking id="a0f9818e-8fdc-48cd-a155-8b738aa13cc6">
    <bookingid>67fce22e-2368-4d78-9e49-317d8ff02111</bookingid>
    <serviceid>dad2b45b-1feb-471b-820f-d430ed2a74d1</serviceid>
    <date>2016-12-29</date>
    <email>hy</email>
  </booking>
  <booking id="8b8a53b7-59bf-4927-a577-b8de069d0789">
    <bookingid>67fce22e-2368-4d78-9e49-317d8ff02111</bookingid>
    <serviceid>dad2b45b-1feb-471b-820f-d430ed2a74d1</serviceid>
    <date>2016-12-30</date>
    <email>hy</email>
  </booking>
<booking id="510bbc85-1654-47c8-bd61-01780cae51bf">
    <bookingid>3bdfeb94-a600-45a1-b131-cecd67898934</bookingid>
    <serviceid>dad2b45b-1feb-471b-820f-d430ed2a74d1</serviceid>
    <date>2016-12-29</date>
    <email>rr</email>
  </booking>
  <booking id="f1421ab3-1cea-4024-af3f-7fcf6e608742">
    <bookingid>3bdfeb94-a600-45a1-b131-cecd67898934</bookingid>
    <serviceid>6a1742ce-a332-4240-ba42-5760ae05f849</serviceid>
    <date>2016-12-29</date>
    <email>rr</email>
  </booking>
  <booking id="4fec43c6-27ea-4d32-bad2-29d8095b5b1b">
    <bookingid>3bdfeb94-a600-45a1-b131-cecd67898934</bookingid>
    <serviceid>dad2b45b-1feb-471b-820f-d430ed2a74d1</serviceid>
    <date>2016-12-30</date>
    <email>rr</email>
  </booking>
  <booking id="406a2c12-72a9-4fba-9c40-90ff67994346">
    <bookingid>3bdfeb94-a600-45a1-b131-cecd67898934</bookingid>
    <serviceid>6a1742ce-a332-4240-ba42-5760ae05f849</serviceid>
    <date>2016-12-30</date>
    <email>rr</email>
  </booking>
<booking id="12fcd9a5-703f-4701-a855-5ebc48759fbf">
    <bookingid>b1128a18-0f51-4220-a406-8e9ad5737d9d</bookingid>
    <serviceid>dad2b45b-1feb-471b-820f-d430ed2a74d1</serviceid>
    <date>2016-12-10</date>
    <email>kecen@gmail.com</email>
  </booking>
  <booking id="f90bb596-febe-4d79-868b-2c322964f32f">
    <bookingid>b1128a18-0f51-4220-a406-8e9ad5737d9d</bookingid>
    <serviceid>6a1742ce-a332-4240-ba42-5760ae05f849</serviceid>
    <date>2016-12-10</date>
    <email>kecen@gmail.com</email>
  </booking>
  <booking id="7cd7e535-6404-425e-a9cb-67655d2afc9a">
    <bookingid>b1128a18-0f51-4220-a406-8e9ad5737d9d</bookingid>
    <serviceid>56aff76b-0fd3-4ef3-865b-d5479a25c9f5</serviceid>
    <date>2016-12-10</date>
    <email>kecen@gmail.com</email>
  </booking>
  <booking id="edb2df57-fa3d-4368-ad59-594130cd97df">
    <bookingid>b1128a18-0f51-4220-a406-8e9ad5737d9d</bookingid>
    <serviceid>dad2b45b-1feb-471b-820f-d430ed2a74d1</serviceid>
    <date>2016-12-11</date>
    <email>kecen@gmail.com</email>
  </booking>
  <booking id="9500a495-42a1-4ceb-a262-032b99e58520">
    <bookingid>b1128a18-0f51-4220-a406-8e9ad5737d9d</bookingid>
    <serviceid>6a1742ce-a332-4240-ba42-5760ae05f849</serviceid>
    <date>2016-12-11</date>
    <email>kecen@gmail.com</email>
  </booking>
  <booking id="3facb31b-2e92-425b-982f-bcddb39658ea">
    <bookingid>b1128a18-0f51-4220-a406-8e9ad5737d9d</bookingid>
    <serviceid>56aff76b-0fd3-4ef3-865b-d5479a25c9f5</serviceid>
    <date>2016-12-11</date>
    <email>kecen@gmail.com</email>
  </booking>
<booking id="012fe173-f3c0-4a36-8d76-d9cb23e3404e">
    <bookingid>86fa9708-028b-4b74-85d9-e2af0b01d2cf</bookingid>
    <serviceid>dad2b45b-1feb-471b-820f-d430ed2a74d1</serviceid>
    <date>2016-12-10</date>
    <email>k</email>
  </booking>
  <booking id="88919af1-4841-45ba-9a90-e5a504ab6ed0">
    <bookingid>86fa9708-028b-4b74-85d9-e2af0b01d2cf</bookingid>
    <serviceid>dad2b45b-1feb-471b-820f-d430ed2a74d1</serviceid>
    <date>2016-12-11</date>
    <email>k</email>
  </booking>
<booking id="b8316c84-4ab4-4256-a06a-ee3fdb80d5e9">
    <bookingid>30ae9721-aaae-4639-ad71-f663bc7dbde3</bookingid>
    <serviceid>77bf51e6-b658-40b4-8fb0-f38eb5a6a5ec</serviceid>
    <date>2016-12-10</date>
    <email>l</email>
  </booking>
  <booking id="961413dd-1dff-4f7f-9c50-341ae9e846ee">
    <bookingid>30ae9721-aaae-4639-ad71-f663bc7dbde3</bookingid>
    <serviceid>56aff76b-0fd3-4ef3-865b-d5479a25c9f5</serviceid>
    <date>2016-12-10</date>
    <email>l</email>
  </booking>
  <booking id="aee3bc11-70f9-4691-8084-886043bd16de">
    <bookingid>30ae9721-aaae-4639-ad71-f663bc7dbde3</bookingid>
    <serviceid>56aff76b-0fd3-4ef3-865b-d5479a25c9f5</serviceid>
    <date>2016-12-10</date>
    <email>l</email>
  </booking>
  <booking id="d7d3535d-4710-429f-b417-d2ced6963b32">
    <bookingid>30ae9721-aaae-4639-ad71-f663bc7dbde3</bookingid>
    <serviceid>56aff76b-0fd3-4ef3-865b-d5479a25c9f5</serviceid>
    <date>2016-12-10</date>
    <email>l</email>
  </booking>
  <booking id="e401cfbd-f1a4-4fd9-af0b-7e4620d15c34">
    <bookingid>30ae9721-aaae-4639-ad71-f663bc7dbde3</bookingid>
    <serviceid>56aff76b-0fd3-4ef3-865b-d5479a25c9f5</serviceid>
    <date>2016-12-10</date>
    <email>l</email>
  </booking>
  <booking id="d8968d4d-e02c-4808-b10b-23cd3e7610ba">
    <bookingid>30ae9721-aaae-4639-ad71-f663bc7dbde3</bookingid>
    <serviceid>56aff76b-0fd3-4ef3-865b-d5479a25c9f5</serviceid>
    <date>2016-12-10</date>
    <email>l</email>
  </booking>
  <booking id="48b8d039-d658-4d2c-8179-172660a828db">
    <bookingid>30ae9721-aaae-4639-ad71-f663bc7dbde3</bookingid>
    <serviceid>56aff76b-0fd3-4ef3-865b-d5479a25c9f5</serviceid>
    <date>2016-12-10</date>
    <email>l</email>
  </booking>
  <booking id="daaf0ef6-357e-4851-b42f-b11464ae9db0">
    <bookingid>30ae9721-aaae-4639-ad71-f663bc7dbde3</bookingid>
    <serviceid>56aff76b-0fd3-4ef3-865b-d5479a25c9f5</serviceid>
    <date>2016-12-10</date>
    <email>l</email>
  </booking>
  <booking id="ff4668f5-dc69-4703-b4a6-551a14de8fba">
    <bookingid>30ae9721-aaae-4639-ad71-f663bc7dbde3</bookingid>
    <serviceid>56aff76b-0fd3-4ef3-865b-d5479a25c9f5</serviceid>
    <date>2016-12-10</date>
    <email>l</email>
  </booking>
  <booking id="de87bd80-b9d8-44bb-bc0c-97153d473faf">
    <bookingid>30ae9721-aaae-4639-ad71-f663bc7dbde3</bookingid>
    <serviceid>56aff76b-0fd3-4ef3-865b-d5479a25c9f5</serviceid>
    <date>2016-12-10</date>
    <email>l</email>
  </booking>
  <booking id="69892d4a-7e1d-45a8-a374-1349b401be7c">
    <bookingid>30ae9721-aaae-4639-ad71-f663bc7dbde3</bookingid>
    <serviceid>56aff76b-0fd3-4ef3-865b-d5479a25c9f5</serviceid>
    <date>2016-12-10</date>
    <email>l</email>
  </booking>
  <booking id="c6234442-5016-4374-9d29-7a0397e061d0">
    <bookingid>30ae9721-aaae-4639-ad71-f663bc7dbde3</bookingid>
    <serviceid>56aff76b-0fd3-4ef3-865b-d5479a25c9f5</serviceid>
    <date>2016-12-10</date>
    <email>l</email>
  </booking>
  <booking id="37be3e9c-1a83-4e70-a1ec-f6228db93b15">
    <bookingid>30ae9721-aaae-4639-ad71-f663bc7dbde3</bookingid>
    <serviceid>56aff76b-0fd3-4ef3-865b-d5479a25c9f5</serviceid>
    <date>2016-12-10</date>
    <email>l</email>
  </booking>
  <booking id="a51f58b9-d6ba-4c7e-a2fd-09fff6c7b3d0">
    <bookingid>30ae9721-aaae-4639-ad71-f663bc7dbde3</bookingid>
    <serviceid>56aff76b-0fd3-4ef3-865b-d5479a25c9f5</serviceid>
    <date>2016-12-10</date>
    <email>l</email>
  </booking>
  <booking id="703e6b23-bae8-4519-acf7-569ce171b132">
    <bookingid>30ae9721-aaae-4639-ad71-f663bc7dbde3</bookingid>
    <serviceid>56aff76b-0fd3-4ef3-865b-d5479a25c9f5</serviceid>
    <date>2016-12-10</date>
    <email>l</email>
  </booking>
  <booking id="b3449146-c9d3-4964-93f5-8949c76e5c86">
    <bookingid>30ae9721-aaae-4639-ad71-f663bc7dbde3</bookingid>
    <serviceid>56aff76b-0fd3-4ef3-865b-d5479a25c9f5</serviceid>
    <date>2016-12-10</date>
    <email>l</email>
  </booking>
  <booking id="4b55d1b0-4f53-4556-a119-9b0523d6e1c0">
    <bookingid>30ae9721-aaae-4639-ad71-f663bc7dbde3</bookingid>
    <serviceid>56aff76b-0fd3-4ef3-865b-d5479a25c9f5</serviceid>
    <date>2016-12-10</date>
    <email>l</email>
  </booking>
  <booking id="ec4e281a-6147-4d4a-aa35-2cf322738729">
    <bookingid>30ae9721-aaae-4639-ad71-f663bc7dbde3</bookingid>
    <serviceid>56aff76b-0fd3-4ef3-865b-d5479a25c9f5</serviceid>
    <date>2016-12-10</date>
    <email>l</email>
  </booking>
  <booking id="1855725f-0540-4337-8165-84269eacd02b">
    <bookingid>30ae9721-aaae-4639-ad71-f663bc7dbde3</bookingid>
    <serviceid>56aff76b-0fd3-4ef3-865b-d5479a25c9f5</serviceid>
    <date>2016-12-10</date>
    <email>l</email>
  </booking>
  <booking id="3313d808-b154-4bc1-82cb-e5cf37c21f7c">
    <bookingid>30ae9721-aaae-4639-ad71-f663bc7dbde3</bookingid>
    <serviceid>56aff76b-0fd3-4ef3-865b-d5479a25c9f5</serviceid>
    <date>2016-12-10</date>
    <email>l</email>
  </booking>
  <booking id="5ed0bda4-999e-4314-9a25-52b22b1fdbcd">
    <bookingid>30ae9721-aaae-4639-ad71-f663bc7dbde3</bookingid>
    <serviceid>77bf51e6-b658-40b4-8fb0-f38eb5a6a5ec</serviceid>
    <date>2016-12-11</date>
    <email>l</email>
  </booking>
  <booking id="6c929471-09bf-4947-8f7d-bc0bbef67e72">
    <bookingid>30ae9721-aaae-4639-ad71-f663bc7dbde3</bookingid>
    <serviceid>56aff76b-0fd3-4ef3-865b-d5479a25c9f5</serviceid>
    <date>2016-12-11</date>
    <email>l</email>
  </booking>
  <booking id="a68e25cf-07e7-4976-81c3-b552f9e0f0b1">
    <bookingid>30ae9721-aaae-4639-ad71-f663bc7dbde3</bookingid>
    <serviceid>56aff76b-0fd3-4ef3-865b-d5479a25c9f5</serviceid>
    <date>2016-12-11</date>
    <email>l</email>
  </booking>
  <booking id="c532b7fb-1765-4662-abff-a171e775c835">
    <bookingid>30ae9721-aaae-4639-ad71-f663bc7dbde3</bookingid>
    <serviceid>56aff76b-0fd3-4ef3-865b-d5479a25c9f5</serviceid>
    <date>2016-12-11</date>
    <email>l</email>
  </booking>
  <booking id="55a0e8a0-f850-4b7b-b6ee-573674d23976">
    <bookingid>30ae9721-aaae-4639-ad71-f663bc7dbde3</bookingid>
    <serviceid>56aff76b-0fd3-4ef3-865b-d5479a25c9f5</serviceid>
    <date>2016-12-11</date>
    <email>l</email>
  </booking>
  <booking id="ae0d41c2-1af0-45c0-a2e4-840f6ce36ad3">
    <bookingid>30ae9721-aaae-4639-ad71-f663bc7dbde3</bookingid>
    <serviceid>56aff76b-0fd3-4ef3-865b-d5479a25c9f5</serviceid>
    <date>2016-12-11</date>
    <email>l</email>
  </booking>
  <booking id="dad4f82a-be72-4869-a1de-a6239129dd08">
    <bookingid>30ae9721-aaae-4639-ad71-f663bc7dbde3</bookingid>
    <serviceid>56aff76b-0fd3-4ef3-865b-d5479a25c9f5</serviceid>
    <date>2016-12-11</date>
    <email>l</email>
  </booking>
  <booking id="03b423cb-bc35-4b89-b67a-36ee88983776">
    <bookingid>30ae9721-aaae-4639-ad71-f663bc7dbde3</bookingid>
    <serviceid>56aff76b-0fd3-4ef3-865b-d5479a25c9f5</serviceid>
    <date>2016-12-11</date>
    <email>l</email>
  </booking>
  <booking id="521cd2b7-9399-4b8a-8f16-3a5714e49415">
    <bookingid>30ae9721-aaae-4639-ad71-f663bc7dbde3</bookingid>
    <serviceid>56aff76b-0fd3-4ef3-865b-d5479a25c9f5</serviceid>
    <date>2016-12-11</date>
    <email>l</email>
  </booking>
  <booking id="0c404777-3711-4be6-9a46-0c5ce5eba28c">
    <bookingid>30ae9721-aaae-4639-ad71-f663bc7dbde3</bookingid>
    <serviceid>56aff76b-0fd3-4ef3-865b-d5479a25c9f5</serviceid>
    <date>2016-12-11</date>
    <email>l</email>
  </booking>
  <booking id="2b248e03-883c-4353-af96-412acbe9fc12">
    <bookingid>30ae9721-aaae-4639-ad71-f663bc7dbde3</bookingid>
    <serviceid>56aff76b-0fd3-4ef3-865b-d5479a25c9f5</serviceid>
    <date>2016-12-11</date>
    <email>l</email>
  </booking>
  <booking id="c4c7300e-af80-44a0-8145-e7513eb811c2">
    <bookingid>30ae9721-aaae-4639-ad71-f663bc7dbde3</bookingid>
    <serviceid>56aff76b-0fd3-4ef3-865b-d5479a25c9f5</serviceid>
    <date>2016-12-11</date>
    <email>l</email>
  </booking>
  <booking id="1d45a56f-df56-4575-a290-3faf6d31e74a">
    <bookingid>30ae9721-aaae-4639-ad71-f663bc7dbde3</bookingid>
    <serviceid>56aff76b-0fd3-4ef3-865b-d5479a25c9f5</serviceid>
    <date>2016-12-11</date>
    <email>l</email>
  </booking>
  <booking id="915ded83-4db1-4d76-b34d-11a16509a301">
    <bookingid>30ae9721-aaae-4639-ad71-f663bc7dbde3</bookingid>
    <serviceid>56aff76b-0fd3-4ef3-865b-d5479a25c9f5</serviceid>
    <date>2016-12-11</date>
    <email>l</email>
  </booking>
  <booking id="622df0f5-387d-4ce3-923f-0df55802890d">
    <bookingid>30ae9721-aaae-4639-ad71-f663bc7dbde3</bookingid>
    <serviceid>56aff76b-0fd3-4ef3-865b-d5479a25c9f5</serviceid>
    <date>2016-12-11</date>
    <email>l</email>
  </booking>
  <booking id="76b6bb8a-e16c-4a55-8d4a-103e0ad6151c">
    <bookingid>30ae9721-aaae-4639-ad71-f663bc7dbde3</bookingid>
    <serviceid>56aff76b-0fd3-4ef3-865b-d5479a25c9f5</serviceid>
    <date>2016-12-11</date>
    <email>l</email>
  </booking>
  <booking id="4ff370a0-f214-4fa0-9fb8-b1a08e2470e1">
    <bookingid>30ae9721-aaae-4639-ad71-f663bc7dbde3</bookingid>
    <serviceid>56aff76b-0fd3-4ef3-865b-d5479a25c9f5</serviceid>
    <date>2016-12-11</date>
    <email>l</email>
  </booking>
  <booking id="0ddf739e-0a25-4a97-96ad-192994ccd4ad">
    <bookingid>30ae9721-aaae-4639-ad71-f663bc7dbde3</bookingid>
    <serviceid>56aff76b-0fd3-4ef3-865b-d5479a25c9f5</serviceid>
    <date>2016-12-11</date>
    <email>l</email>
  </booking>
  <booking id="665a2d4c-c3ec-43a9-8db3-71eb408635da">
    <bookingid>30ae9721-aaae-4639-ad71-f663bc7dbde3</bookingid>
    <serviceid>56aff76b-0fd3-4ef3-865b-d5479a25c9f5</serviceid>
    <date>2016-12-11</date>
    <email>l</email>
  </booking>
  <booking id="5d4745de-694e-4cec-88e1-6d7e29d9505b">
    <bookingid>30ae9721-aaae-4639-ad71-f663bc7dbde3</bookingid>
    <serviceid>56aff76b-0fd3-4ef3-865b-d5479a25c9f5</serviceid>
    <date>2016-12-11</date>
    <email>l</email>
  </booking>
<booking id="6d45da82-fa46-4514-a9f9-55d61e7672b4">
    <bookingid>9ef578d3-37e8-442a-aa07-7fb8d902a61e</bookingid>
    <serviceid>dad2b45b-1feb-471b-820f-d430ed2a74d1</serviceid>
    <date>2016-12-23</date>
    <email>kecenkecen</email>
  </booking>
<booking id="d732d98d-347f-4e66-8ce6-47b3543a1699">
    <bookingid>5e025479-f182-4606-bbfc-2602a7b4e119</bookingid>
    <serviceid>dad2b45b-1feb-471b-820f-d430ed2a74d1</serviceid>
    <date>2016-12-23</date>
    <email>zhangxin</email>
  </booking>
<booking id="76ae8922-d93d-4e40-ac02-2f5da6e78361">
    <bookingid>7a8e9e9b-9055-45c6-86df-e7a4f513555e</bookingid>
    <serviceid>77bf51e6-b658-40b4-8fb0-f38eb5a6a5ec</serviceid>
    <date>2016-12-30</date>
    <email>osacar</email>
  </booking>
<booking id="507ba626-c309-4055-b107-e641128df986">
    <bookingid>425b6a50-eb7b-42a5-90b3-d32b30cc5b6d</bookingid>
    <serviceid>77bf51e6-b658-40b4-8fb0-f38eb5a6a5ec</serviceid>
    <date>2016-12-30</date>
    <email>ppp</email>
  </booking>
<booking id="ca705438-5310-4b97-b992-2dbc29d3886a">
    <bookingid>791094c5-c95f-4edd-8791-ec9c3dd947bc</bookingid>
    <serviceid>6a1742ce-a332-4240-ba42-5760ae05f849</serviceid>
    <date>2016-12-08</date>
    <email>zzz</email>
  </booking>
  <booking id="f3a2e59e-8aa5-47ce-8e7c-593b5be00272">
    <bookingid>791094c5-c95f-4edd-8791-ec9c3dd947bc</bookingid>
    <serviceid>6a1742ce-a332-4240-ba42-5760ae05f849</serviceid>
    <date>2016-12-08</date>
    <email>zzz</email>
  </booking>
  <booking id="824057e7-d537-4623-8b26-ef52e9dfde2e">
    <bookingid>791094c5-c95f-4edd-8791-ec9c3dd947bc</bookingid>
    <serviceid>77bf51e6-b658-40b4-8fb0-f38eb5a6a5ec</serviceid>
    <date>2016-12-08</date>
    <email>zzz</email>
  </booking>
  <booking id="b0fcdc2a-5026-4cc9-b0e0-f8375143b9cf">
    <bookingid>791094c5-c95f-4edd-8791-ec9c3dd947bc</bookingid>
    <serviceid>56aff76b-0fd3-4ef3-865b-d5479a25c9f5</serviceid>
    <date>2016-12-08</date>
    <email>zzz</email>
  </booking>
  <booking id="3d61f7f8-dcb0-4087-8c4e-add0b19ec7d4">
    <bookingid>791094c5-c95f-4edd-8791-ec9c3dd947bc</bookingid>
    <serviceid>56aff76b-0fd3-4ef3-865b-d5479a25c9f5</serviceid>
    <date>2016-12-08</date>
    <email>zzz</email>
  </booking>
  <booking id="3d8b4fd0-b2be-44fc-b757-6c1c8751133e">
    <bookingid>791094c5-c95f-4edd-8791-ec9c3dd947bc</bookingid>
    <serviceid>56aff76b-0fd3-4ef3-865b-d5479a25c9f5</serviceid>
    <date>2016-12-08</date>
    <email>zzz</email>
  </booking>
<booking id="e4417cd9-ddf7-43a5-917f-174a058c0a35">
    <bookingid>75203a61-70eb-44dd-aea0-2baac6308256</bookingid>
    <serviceid>77bf51e6-b658-40b4-8fb0-f38eb5a6a5ec</serviceid>
    <date>2016-12-23</date>
    <email>fff</email>
  </booking>
  <booking id="33a67c80-aa3d-49c7-9dc0-751b55fe32d8">
    <bookingid>75203a61-70eb-44dd-aea0-2baac6308256</bookingid>
    <serviceid>56aff76b-0fd3-4ef3-865b-d5479a25c9f5</serviceid>
    <date>2016-12-23</date>
    <email>fff</email>
  </booking>
  <booking id="3f25d946-1f74-41fe-a9e7-18abdb8ec45b">
    <bookingid>75203a61-70eb-44dd-aea0-2baac6308256</bookingid>
    <serviceid>56aff76b-0fd3-4ef3-865b-d5479a25c9f5</serviceid>
    <date>2016-12-23</date>
    <email>fff</email>
  </booking>
  <booking id="2e9caff6-ef1e-4d6a-85fd-6ec15e9b3855">
    <bookingid>75203a61-70eb-44dd-aea0-2baac6308256</bookingid>
    <serviceid>56aff76b-0fd3-4ef3-865b-d5479a25c9f5</serviceid>
    <date>2016-12-23</date>
    <email>fff</email>
  </booking>
  <booking id="7564edc2-7b91-428d-aa2c-ffa4be582a00">
    <bookingid>75203a61-70eb-44dd-aea0-2baac6308256</bookingid>
    <serviceid>56aff76b-0fd3-4ef3-865b-d5479a25c9f5</serviceid>
    <date>2016-12-23</date>
    <email>fff</email>
  </booking>
  <booking id="eddcfc57-746a-4c34-89ef-d1030d490e5b">
    <bookingid>75203a61-70eb-44dd-aea0-2baac6308256</bookingid>
    <serviceid>56aff76b-0fd3-4ef3-865b-d5479a25c9f5</serviceid>
    <date>2016-12-23</date>
    <email>fff</email>
  </booking>
  <booking id="831bdf34-d84f-4da2-933e-d15244a0276a">
    <bookingid>75203a61-70eb-44dd-aea0-2baac6308256</bookingid>
    <serviceid>56aff76b-0fd3-4ef3-865b-d5479a25c9f5</serviceid>
    <date>2016-12-23</date>
    <email>fff</email>
  </booking>
  <booking id="2eacc3ad-3165-48cc-aca2-3c4d15645260">
    <bookingid>75203a61-70eb-44dd-aea0-2baac6308256</bookingid>
    <serviceid>56aff76b-0fd3-4ef3-865b-d5479a25c9f5</serviceid>
    <date>2016-12-23</date>
    <email>fff</email>
  </booking>
  <booking id="d92d2133-0b5c-45e4-96e0-19f8e555666d">
    <bookingid>75203a61-70eb-44dd-aea0-2baac6308256</bookingid>
    <serviceid>56aff76b-0fd3-4ef3-865b-d5479a25c9f5</serviceid>
    <date>2016-12-23</date>
    <email>fff</email>
  </booking>
  <booking id="88981eeb-3034-4129-a831-5dd6e441797d">
    <bookingid>75203a61-70eb-44dd-aea0-2baac6308256</bookingid>
    <serviceid>56aff76b-0fd3-4ef3-865b-d5479a25c9f5</serviceid>
    <date>2016-12-23</date>
    <email>fff</email>
  </booking>
  <booking id="a1c78719-fed7-44e8-b6f3-f4cc3319c0e3">
    <bookingid>75203a61-70eb-44dd-aea0-2baac6308256</bookingid>
    <serviceid>56aff76b-0fd3-4ef3-865b-d5479a25c9f5</serviceid>
    <date>2016-12-23</date>
    <email>fff</email>
  </booking>
  <booking id="7fcd58e5-8f49-4f56-9e3e-16cd4c28e3bd">
    <bookingid>75203a61-70eb-44dd-aea0-2baac6308256</bookingid>
    <serviceid>56aff76b-0fd3-4ef3-865b-d5479a25c9f5</serviceid>
    <date>2016-12-23</date>
    <email>fff</email>
  </booking>
  <booking id="a49c8d0d-4ce6-4c39-ba7d-63350264deae">
    <bookingid>75203a61-70eb-44dd-aea0-2baac6308256</bookingid>
    <serviceid>56aff76b-0fd3-4ef3-865b-d5479a25c9f5</serviceid>
    <date>2016-12-23</date>
    <email>fff</email>
  </booking>
  <booking id="c241eb34-5232-467b-8500-29f93ebf607f">
    <bookingid>75203a61-70eb-44dd-aea0-2baac6308256</bookingid>
    <serviceid>56aff76b-0fd3-4ef3-865b-d5479a25c9f5</serviceid>
    <date>2016-12-23</date>
    <email>fff</email>
  </booking>
  <booking id="5e3fb88e-4849-47f4-8206-694cfe8bff14">
    <bookingid>75203a61-70eb-44dd-aea0-2baac6308256</bookingid>
    <serviceid>56aff76b-0fd3-4ef3-865b-d5479a25c9f5</serviceid>
    <date>2016-12-23</date>
    <email>fff</email>
  </booking>
  <booking id="bf5aabe4-9c91-46a7-ad8e-db6b55b75b81">
    <bookingid>75203a61-70eb-44dd-aea0-2baac6308256</bookingid>
    <serviceid>56aff76b-0fd3-4ef3-865b-d5479a25c9f5</serviceid>
    <date>2016-12-23</date>
    <email>fff</email>
  </booking>
  <booking id="818a6d1f-c16b-4084-bed2-8fac600f5477">
    <bookingid>75203a61-70eb-44dd-aea0-2baac6308256</bookingid>
    <serviceid>56aff76b-0fd3-4ef3-865b-d5479a25c9f5</serviceid>
    <date>2016-12-23</date>
    <email>fff</email>
  </booking>
  <booking id="043af4b2-18f0-4a71-85cc-1de1641e3973">
    <bookingid>75203a61-70eb-44dd-aea0-2baac6308256</bookingid>
    <serviceid>56aff76b-0fd3-4ef3-865b-d5479a25c9f5</serviceid>
    <date>2016-12-23</date>
    <email>fff</email>
  </booking>
<booking id="6ae158ed-9047-4201-93e3-85854d4be052">
    <bookingid>a18c7225-9843-4899-b501-98e631bc414b</bookingid>
    <serviceid>77bf51e6-b658-40b4-8fb0-f38eb5a6a5ec</serviceid>
    <date>2016-12-24</date>
    <email>ooo</email>
  </booking>
  <booking id="b71ccb3e-a27b-4e9f-926d-a6d3bb7207aa">
    <bookingid>a18c7225-9843-4899-b501-98e631bc414b</bookingid>
    <serviceid>77bf51e6-b658-40b4-8fb0-f38eb5a6a5ec</serviceid>
    <date>2016-12-24</date>
    <email>ooo</email>
  </booking>
  <booking id="0fb1b2fc-2424-4210-88fa-c00575d8c6f1">
    <bookingid>a18c7225-9843-4899-b501-98e631bc414b</bookingid>
    <serviceid>77bf51e6-b658-40b4-8fb0-f38eb5a6a5ec</serviceid>
    <date>2016-12-24</date>
    <email>ooo</email>
  </booking>
  <booking id="f067da1b-25d6-4b7c-8025-e719eec5d4e7">
    <bookingid>a18c7225-9843-4899-b501-98e631bc414b</bookingid>
    <serviceid>77bf51e6-b658-40b4-8fb0-f38eb5a6a5ec</serviceid>
    <date>2016-12-24</date>
    <email>ooo</email>
  </booking>
<booking id="f92939b9-e20a-4fcd-ba78-fa9b005ea909">
    <bookingid>641c4daf-a0dc-4a97-a635-647e123aa77a</bookingid>
    <serviceid>77bf51e6-b658-40b4-8fb0-f38eb5a6a5ec</serviceid>
    <date>2016-12-10</date>
    <email>zzz</email>
  </booking>
  <booking id="8e916149-ab14-4d52-8a33-eb167bacd9bd">
    <bookingid>641c4daf-a0dc-4a97-a635-647e123aa77a</bookingid>
    <serviceid>77bf51e6-b658-40b4-8fb0-f38eb5a6a5ec</serviceid>
    <date>2016-12-10</date>
    <email>zzz</email>
  </booking>
  <booking id="205507b0-425d-45d4-ad95-04f63f4649b9">
    <bookingid>641c4daf-a0dc-4a97-a635-647e123aa77a</bookingid>
    <serviceid>77bf51e6-b658-40b4-8fb0-f38eb5a6a5ec</serviceid>
    <date>2016-12-10</date>
    <email>zzz</email>
  </booking>
  <booking id="931459fa-2bbc-4c65-8467-17c812c6cb15">
    <bookingid>641c4daf-a0dc-4a97-a635-647e123aa77a</bookingid>
    <serviceid>77bf51e6-b658-40b4-8fb0-f38eb5a6a5ec</serviceid>
    <date>2016-12-10</date>
    <email>zzz</email>
  </booking>
  <booking id="60273462-9e4e-432b-8a8b-1bbec6d752e2">
    <bookingid>641c4daf-a0dc-4a97-a635-647e123aa77a</bookingid>
    <serviceid>77bf51e6-b658-40b4-8fb0-f38eb5a6a5ec</serviceid>
    <date>2016-12-10</date>
    <email>zzz</email>
  </booking>
  <booking id="efe2fee8-3a5c-4bfb-a258-86f02814fb16">
    <bookingid>641c4daf-a0dc-4a97-a635-647e123aa77a</bookingid>
    <serviceid>77bf51e6-b658-40b4-8fb0-f38eb5a6a5ec</serviceid>
    <date>2016-12-10</date>
    <email>zzz</email>
  </booking>
  <booking id="1ceea3e7-4cee-4bbb-b357-7451769e01b2">
    <bookingid>641c4daf-a0dc-4a97-a635-647e123aa77a</bookingid>
    <serviceid>77bf51e6-b658-40b4-8fb0-f38eb5a6a5ec</serviceid>
    <date>2016-12-10</date>
    <email>zzz</email>
  </booking>
  <booking id="6188b031-c9e8-4ad2-b959-2eb4a4b95a23">
    <bookingid>641c4daf-a0dc-4a97-a635-647e123aa77a</bookingid>
    <serviceid>77bf51e6-b658-40b4-8fb0-f38eb5a6a5ec</serviceid>
    <date>2016-12-10</date>
    <email>zzz</email>
  </booking>
  <booking id="692fe1ea-18bf-4cf5-b8f1-6792857a97d5">
    <bookingid>641c4daf-a0dc-4a97-a635-647e123aa77a</bookingid>
    <serviceid>77bf51e6-b658-40b4-8fb0-f38eb5a6a5ec</serviceid>
    <date>2016-12-10</date>
    <email>zzz</email>
  </booking>
  <booking id="ba431436-bffc-4bb7-a6ea-5ebe71968825">
    <bookingid>641c4daf-a0dc-4a97-a635-647e123aa77a</bookingid>
    <serviceid>77bf51e6-b658-40b4-8fb0-f38eb5a6a5ec</serviceid>
    <date>2016-12-10</date>
    <email>zzz</email>
  </booking>
  <booking id="2d5697cf-3d9b-46b1-abda-52987209809d">
    <bookingid>641c4daf-a0dc-4a97-a635-647e123aa77a</bookingid>
    <serviceid>77bf51e6-b658-40b4-8fb0-f38eb5a6a5ec</serviceid>
    <date>2016-12-10</date>
    <email>zzz</email>
  </booking>
  <booking id="102afc37-ecf1-4171-a37e-dd19bd9d7833">
    <bookingid>641c4daf-a0dc-4a97-a635-647e123aa77a</bookingid>
    <serviceid>77bf51e6-b658-40b4-8fb0-f38eb5a6a5ec</serviceid>
    <date>2016-12-10</date>
    <email>zzz</email>
  </booking>
<booking id="5df34f77-9f25-40f9-a47d-32942dac8209">
    <bookingid>84603055-242a-42e4-aa52-008001551a0a</bookingid>
    <serviceid>77bf51e6-b658-40b4-8fb0-f38eb5a6a5ec</serviceid>
    <date>2016-12-08</date>
    <email>zzzz</email>
  </booking>
  <booking id="eb92e510-ec74-47f6-8bed-9cc05d045a0c">
    <bookingid>84603055-242a-42e4-aa52-008001551a0a</bookingid>
    <serviceid>77bf51e6-b658-40b4-8fb0-f38eb5a6a5ec</serviceid>
    <date>2016-12-08</date>
    <email>zzzz</email>
  </booking>
  <booking id="b669d844-3eea-445f-b862-6a4aa65c7bea">
    <bookingid>84603055-242a-42e4-aa52-008001551a0a</bookingid>
    <serviceid>77bf51e6-b658-40b4-8fb0-f38eb5a6a5ec</serviceid>
    <date>2016-12-08</date>
    <email>zzzz</email>
  </booking>
  <booking id="332b950a-4afa-4f53-96ea-801ecade5fc5">
    <bookingid>84603055-242a-42e4-aa52-008001551a0a</bookingid>
    <serviceid>77bf51e6-b658-40b4-8fb0-f38eb5a6a5ec</serviceid>
    <date>2016-12-08</date>
    <email>zzzz</email>
  </booking>
  <booking id="15c762e6-f5db-4797-b611-96874ab238f9">
    <bookingid>84603055-242a-42e4-aa52-008001551a0a</bookingid>
    <serviceid>77bf51e6-b658-40b4-8fb0-f38eb5a6a5ec</serviceid>
    <date>2016-12-08</date>
    <email>zzzz</email>
  </booking>
  <booking id="f658a266-bd9a-4d2e-a4a4-8fe6c764a356">
    <bookingid>84603055-242a-42e4-aa52-008001551a0a</bookingid>
    <serviceid>77bf51e6-b658-40b4-8fb0-f38eb5a6a5ec</serviceid>
    <date>2016-12-08</date>
    <email>zzzz</email>
  </booking>
  <booking id="44c8c86e-b462-4f5a-9e4d-108346b30a74">
    <bookingid>84603055-242a-42e4-aa52-008001551a0a</bookingid>
    <serviceid>77bf51e6-b658-40b4-8fb0-f38eb5a6a5ec</serviceid>
    <date>2016-12-09</date>
    <email>zzzz</email>
  </booking>
  <booking id="57dfd17d-ae30-4be3-ad54-8e0fb1419c95">
    <bookingid>84603055-242a-42e4-aa52-008001551a0a</bookingid>
    <serviceid>77bf51e6-b658-40b4-8fb0-f38eb5a6a5ec</serviceid>
    <date>2016-12-09</date>
    <email>zzzz</email>
  </booking>
  <booking id="047fd50c-b4e8-48df-a137-7d1c91e9a484">
    <bookingid>84603055-242a-42e4-aa52-008001551a0a</bookingid>
    <serviceid>77bf51e6-b658-40b4-8fb0-f38eb5a6a5ec</serviceid>
    <date>2016-12-09</date>
    <email>zzzz</email>
  </booking>
  <booking id="45425428-fa4d-456e-96ce-e1f86666589c">
    <bookingid>84603055-242a-42e4-aa52-008001551a0a</bookingid>
    <serviceid>77bf51e6-b658-40b4-8fb0-f38eb5a6a5ec</serviceid>
    <date>2016-12-09</date>
    <email>zzzz</email>
  </booking>
  <booking id="51e084ce-2689-4037-ae14-c40a91a85eb1">
    <bookingid>84603055-242a-42e4-aa52-008001551a0a</bookingid>
    <serviceid>77bf51e6-b658-40b4-8fb0-f38eb5a6a5ec</serviceid>
    <date>2016-12-09</date>
    <email>zzzz</email>
  </booking>
  <booking id="2b5d3c74-ca82-4a55-b9fa-ad1bc19b0518">
    <bookingid>84603055-242a-42e4-aa52-008001551a0a</bookingid>
    <serviceid>77bf51e6-b658-40b4-8fb0-f38eb5a6a5ec</serviceid>
    <date>2016-12-09</date>
    <email>zzzz</email>
  </booking>
<booking id="4efbb3e9-6ff8-42c1-acd5-49bc90bb99f7">
    <bookingid>1cdc6ceb-1d34-4c53-95ea-6988c9cfd14a</bookingid>
    <serviceid>77bf51e6-b658-40b4-8fb0-f38eb5a6a5ec</serviceid>
    <date>2016-12-14</date>
    <email>fff</email>
  </booking>
  <booking id="9c3305f1-2d85-410f-9805-0e8a33f78f7f">
    <bookingid>1cdc6ceb-1d34-4c53-95ea-6988c9cfd14a</bookingid>
    <serviceid>56aff76b-0fd3-4ef3-865b-d5479a25c9f5</serviceid>
    <date>2016-12-14</date>
    <email>fff</email>
  </booking>
  <booking id="0fe8616f-de18-42dd-8e89-2d8dea6b23b2">
    <bookingid>1cdc6ceb-1d34-4c53-95ea-6988c9cfd14a</bookingid>
    <serviceid>56aff76b-0fd3-4ef3-865b-d5479a25c9f5</serviceid>
    <date>2016-12-14</date>
    <email>fff</email>
  </booking>
  <booking id="8c7835b4-5ccf-488c-a23b-2e726134eb3f">
    <bookingid>1cdc6ceb-1d34-4c53-95ea-6988c9cfd14a</bookingid>
    <serviceid>56aff76b-0fd3-4ef3-865b-d5479a25c9f5</serviceid>
    <date>2016-12-14</date>
    <email>fff</email>
  </booking>
  <booking id="089b5bd1-36f6-4375-a620-fd41c482a720">
    <bookingid>1cdc6ceb-1d34-4c53-95ea-6988c9cfd14a</bookingid>
    <serviceid>56aff76b-0fd3-4ef3-865b-d5479a25c9f5</serviceid>
    <date>2016-12-14</date>
    <email>fff</email>
  </booking>
  <booking id="8aa95020-a5e9-4f0c-aacf-d452d2ebecf1">
    <bookingid>1cdc6ceb-1d34-4c53-95ea-6988c9cfd14a</bookingid>
    <serviceid>56aff76b-0fd3-4ef3-865b-d5479a25c9f5</serviceid>
    <date>2016-12-14</date>
    <email>fff</email>
  </booking>
  <booking id="2d910bdf-2576-49c1-af13-de62d94aaa4a">
    <bookingid>1cdc6ceb-1d34-4c53-95ea-6988c9cfd14a</bookingid>
    <serviceid>56aff76b-0fd3-4ef3-865b-d5479a25c9f5</serviceid>
    <date>2016-12-14</date>
    <email>fff</email>
  </booking>
  <booking id="8e16bc8b-f971-4b31-9a6a-82f21a4377a0">
    <bookingid>1cdc6ceb-1d34-4c53-95ea-6988c9cfd14a</bookingid>
    <serviceid>56aff76b-0fd3-4ef3-865b-d5479a25c9f5</serviceid>
    <date>2016-12-14</date>
    <email>fff</email>
  </booking>
  <booking id="7a506e83-3dea-437f-8e6d-2947604c67de">
    <bookingid>1cdc6ceb-1d34-4c53-95ea-6988c9cfd14a</bookingid>
    <serviceid>56aff76b-0fd3-4ef3-865b-d5479a25c9f5</serviceid>
    <date>2016-12-14</date>
    <email>fff</email>
  </booking>
  <booking id="c17bd45c-0463-46d8-a037-515dbfe3d0aa">
    <bookingid>1cdc6ceb-1d34-4c53-95ea-6988c9cfd14a</bookingid>
    <serviceid>56aff76b-0fd3-4ef3-865b-d5479a25c9f5</serviceid>
    <date>2016-12-14</date>
    <email>fff</email>
  </booking>
  <booking id="ef2545ec-1786-48f3-b706-67f0ec22a77f">
    <bookingid>1cdc6ceb-1d34-4c53-95ea-6988c9cfd14a</bookingid>
    <serviceid>56aff76b-0fd3-4ef3-865b-d5479a25c9f5</serviceid>
    <date>2016-12-14</date>
    <email>fff</email>
  </booking>
  <booking id="8e4f0b14-0202-4690-b280-f3735b7254a3">
    <bookingid>1cdc6ceb-1d34-4c53-95ea-6988c9cfd14a</bookingid>
    <serviceid>56aff76b-0fd3-4ef3-865b-d5479a25c9f5</serviceid>
    <date>2016-12-14</date>
    <email>fff</email>
  </booking>
  <booking id="d42ed2df-033d-4101-8dec-9c168726bf83">
    <bookingid>1cdc6ceb-1d34-4c53-95ea-6988c9cfd14a</bookingid>
    <serviceid>56aff76b-0fd3-4ef3-865b-d5479a25c9f5</serviceid>
    <date>2016-12-14</date>
    <email>fff</email>
  </booking>
  <booking id="dc61f678-1d74-4449-aa34-cd8ab8775811">
    <bookingid>1cdc6ceb-1d34-4c53-95ea-6988c9cfd14a</bookingid>
    <serviceid>56aff76b-0fd3-4ef3-865b-d5479a25c9f5</serviceid>
    <date>2016-12-14</date>
    <email>fff</email>
  </booking>
  <booking id="f6dec5aa-0880-49ec-97e8-cf104bdcafe9">
    <bookingid>1cdc6ceb-1d34-4c53-95ea-6988c9cfd14a</bookingid>
    <serviceid>56aff76b-0fd3-4ef3-865b-d5479a25c9f5</serviceid>
    <date>2016-12-14</date>
    <email>fff</email>
  </booking>
  <booking id="b4420867-8037-45cc-b2ff-73b22b833405">
    <bookingid>1cdc6ceb-1d34-4c53-95ea-6988c9cfd14a</bookingid>
    <serviceid>56aff76b-0fd3-4ef3-865b-d5479a25c9f5</serviceid>
    <date>2016-12-14</date>
    <email>fff</email>
  </booking>
  <booking id="41afa0ab-a83f-4cb5-b87a-1ab14208abc5">
    <bookingid>1cdc6ceb-1d34-4c53-95ea-6988c9cfd14a</bookingid>
    <serviceid>56aff76b-0fd3-4ef3-865b-d5479a25c9f5</serviceid>
    <date>2016-12-14</date>
    <email>fff</email>
  </booking>
  <booking id="75173dad-ddc4-4de2-9719-667814f8af4e">
    <bookingid>1cdc6ceb-1d34-4c53-95ea-6988c9cfd14a</bookingid>
    <serviceid>56aff76b-0fd3-4ef3-865b-d5479a25c9f5</serviceid>
    <date>2016-12-14</date>
    <email>fff</email>
  </booking>
  <booking id="41d0673d-306e-417d-bb0e-3c9af8485dc3">
    <bookingid>1cdc6ceb-1d34-4c53-95ea-6988c9cfd14a</bookingid>
    <serviceid>56aff76b-0fd3-4ef3-865b-d5479a25c9f5</serviceid>
    <date>2016-12-14</date>
    <email>fff</email>
  </booking>
  <booking id="78e45f33-922d-4e16-96d3-7edcc49dff34">
    <bookingid>1cdc6ceb-1d34-4c53-95ea-6988c9cfd14a</bookingid>
    <serviceid>56aff76b-0fd3-4ef3-865b-d5479a25c9f5</serviceid>
    <date>2016-12-14</date>
    <email>fff</email>
  </booking>
  <booking id="4825e4e1-b428-41d2-ba74-f0c9dec91b62">
    <bookingid>1cdc6ceb-1d34-4c53-95ea-6988c9cfd14a</bookingid>
    <serviceid>56aff76b-0fd3-4ef3-865b-d5479a25c9f5</serviceid>
    <date>2016-12-14</date>
    <email>fff</email>
  </booking>
<booking id="3d3322f1-0bbe-4a90-9df3-ee4478584946">
    <bookingid>c2e6f9eb-1649-404c-b436-f1f921164fa1</bookingid>
    <serviceid>77bf51e6-b658-40b4-8fb0-f38eb5a6a5ec</serviceid>
    <date>2016-12-14</date>
    <email>zzz</email>
  </booking>
<booking id="3b874c58-13b4-4070-9575-1c24dbb0dc4d">
    <bookingid>25c0013e-e765-42bb-84ad-d3b4b12954c4</bookingid>
    <serviceid>77bf51e6-b658-40b4-8fb0-f38eb5a6a5ec</serviceid>
    <date>2016-12-15</date>
    <email>zzz</email>
  </booking>
  <booking id="b244567f-ebea-4339-8efb-ea0639232f55">
    <bookingid>25c0013e-e765-42bb-84ad-d3b4b12954c4</bookingid>
    <serviceid>77bf51e6-b658-40b4-8fb0-f38eb5a6a5ec</serviceid>
    <date>2016-12-15</date>
    <email>zzz</email>
  </booking>
  <booking id="c8672598-b810-4717-b830-7799416f2edf">
    <bookingid>25c0013e-e765-42bb-84ad-d3b4b12954c4</bookingid>
    <serviceid>77bf51e6-b658-40b4-8fb0-f38eb5a6a5ec</serviceid>
    <date>2016-12-15</date>
    <email>zzz</email>
  </booking>
  <booking id="fa30fc4f-8341-4b73-b3fe-268980fb7ad0">
    <bookingid>25c0013e-e765-42bb-84ad-d3b4b12954c4</bookingid>
    <serviceid>77bf51e6-b658-40b4-8fb0-f38eb5a6a5ec</serviceid>
    <date>2016-12-15</date>
    <email>zzz</email>
  </booking>
  <booking id="747942a8-ab13-4a93-8b16-321a72faaf06">
    <bookingid>25c0013e-e765-42bb-84ad-d3b4b12954c4</bookingid>
    <serviceid>77bf51e6-b658-40b4-8fb0-f38eb5a6a5ec</serviceid>
    <date>2016-12-15</date>
    <email>zzz</email>
  </booking>
  <booking id="9c7f4910-1e34-4120-a146-cc0ab3b19c85">
    <bookingid>25c0013e-e765-42bb-84ad-d3b4b12954c4</bookingid>
    <serviceid>77bf51e6-b658-40b4-8fb0-f38eb5a6a5ec</serviceid>
    <date>2016-12-15</date>
    <email>zzz</email>
  </booking>
  <booking id="be52e715-859e-40e2-933a-88ad88a495ab">
    <bookingid>25c0013e-e765-42bb-84ad-d3b4b12954c4</bookingid>
    <serviceid>77bf51e6-b658-40b4-8fb0-f38eb5a6a5ec</serviceid>
    <date>2016-12-15</date>
    <email>zzz</email>
  </booking>
<booking id="c4b1aae0-ce83-4e69-9062-08cf304e78cf">
    <bookingid>859c6883-cf40-46a2-8c44-bdcd46c03c1b</bookingid>
    <serviceid>dad2b45b-1feb-471b-820f-d430ed2a74d1</serviceid>
    <date>2016-12-15</date>
    <email>xxxx</email>
  </booking>
  <booking id="2fb76a1d-c062-4972-8232-0b0b97f0a1b5">
    <bookingid>859c6883-cf40-46a2-8c44-bdcd46c03c1b</bookingid>
    <serviceid>56aff76b-0fd3-4ef3-865b-d5479a25c9f5</serviceid>
    <date>2016-12-15</date>
    <email>xxxx</email>
  </booking>
  <booking id="2afc1c36-2086-46a5-9871-4197fc517734">
    <bookingid>859c6883-cf40-46a2-8c44-bdcd46c03c1b</bookingid>
    <serviceid>56aff76b-0fd3-4ef3-865b-d5479a25c9f5</serviceid>
    <date>2016-12-15</date>
    <email>xxxx</email>
  </booking>
  <booking id="b47e297b-15e9-4eb1-b783-61d1b5d33bf0">
    <bookingid>859c6883-cf40-46a2-8c44-bdcd46c03c1b</bookingid>
    <serviceid>56aff76b-0fd3-4ef3-865b-d5479a25c9f5</serviceid>
    <date>2016-12-15</date>
    <email>xxxx</email>
  </booking>
  <booking id="1c2d1764-46cf-46f5-8b9f-6528dae6b7ef">
    <bookingid>859c6883-cf40-46a2-8c44-bdcd46c03c1b</bookingid>
    <serviceid>56aff76b-0fd3-4ef3-865b-d5479a25c9f5</serviceid>
    <date>2016-12-15</date>
    <email>xxxx</email>
  </booking>
  <booking id="dc056e48-e57b-4a18-b611-60789557ab15">
    <bookingid>859c6883-cf40-46a2-8c44-bdcd46c03c1b</bookingid>
    <serviceid>56aff76b-0fd3-4ef3-865b-d5479a25c9f5</serviceid>
    <date>2016-12-15</date>
    <email>xxxx</email>
  </booking>
  <booking id="f2d3080f-abc1-46f5-81dc-1e0e64ba2859">
    <bookingid>859c6883-cf40-46a2-8c44-bdcd46c03c1b</bookingid>
    <serviceid>56aff76b-0fd3-4ef3-865b-d5479a25c9f5</serviceid>
    <date>2016-12-15</date>
    <email>xxxx</email>
  </booking>
  <booking id="e04a5d2c-0225-430f-9214-4b8e32a97303">
    <bookingid>859c6883-cf40-46a2-8c44-bdcd46c03c1b</bookingid>
    <serviceid>56aff76b-0fd3-4ef3-865b-d5479a25c9f5</serviceid>
    <date>2016-12-15</date>
    <email>xxxx</email>
  </booking>
  <booking id="ce16adaf-aa92-4543-b139-8cb883d25d76">
    <bookingid>859c6883-cf40-46a2-8c44-bdcd46c03c1b</bookingid>
    <serviceid>56aff76b-0fd3-4ef3-865b-d5479a25c9f5</serviceid>
    <date>2016-12-15</date>
    <email>xxxx</email>
  </booking>
  <booking id="32ed5eee-7d49-4b13-be84-3a000eae5225">
    <bookingid>859c6883-cf40-46a2-8c44-bdcd46c03c1b</bookingid>
    <serviceid>56aff76b-0fd3-4ef3-865b-d5479a25c9f5</serviceid>
    <date>2016-12-15</date>
    <email>xxxx</email>
  </booking>
  <booking id="27b93652-fccb-448b-a39f-b4efed7b4cc0">
    <bookingid>859c6883-cf40-46a2-8c44-bdcd46c03c1b</bookingid>
    <serviceid>56aff76b-0fd3-4ef3-865b-d5479a25c9f5</serviceid>
    <date>2016-12-15</date>
    <email>xxxx</email>
  </booking>
  <booking id="2b19a79a-e0fb-4550-b900-8901647752bd">
    <bookingid>859c6883-cf40-46a2-8c44-bdcd46c03c1b</bookingid>
    <serviceid>56aff76b-0fd3-4ef3-865b-d5479a25c9f5</serviceid>
    <date>2016-12-15</date>
    <email>xxxx</email>
  </booking>
  <booking id="cdc0f60a-0b2f-4551-86b8-d3d1d9c88b59">
    <bookingid>859c6883-cf40-46a2-8c44-bdcd46c03c1b</bookingid>
    <serviceid>56aff76b-0fd3-4ef3-865b-d5479a25c9f5</serviceid>
    <date>2016-12-15</date>
    <email>xxxx</email>
  </booking>
  <booking id="166552a4-acd2-4580-bc15-4c1274fcc2df">
    <bookingid>859c6883-cf40-46a2-8c44-bdcd46c03c1b</bookingid>
    <serviceid>56aff76b-0fd3-4ef3-865b-d5479a25c9f5</serviceid>
    <date>2016-12-15</date>
    <email>xxxx</email>
  </booking>
  <booking id="5dec8193-28c2-425c-911b-bbadc65e1e68">
    <bookingid>859c6883-cf40-46a2-8c44-bdcd46c03c1b</bookingid>
    <serviceid>56aff76b-0fd3-4ef3-865b-d5479a25c9f5</serviceid>
    <date>2016-12-15</date>
    <email>xxxx</email>
  </booking>
  <booking id="545579ea-8551-4226-9312-02b12fe9da07">
    <bookingid>859c6883-cf40-46a2-8c44-bdcd46c03c1b</bookingid>
    <serviceid>56aff76b-0fd3-4ef3-865b-d5479a25c9f5</serviceid>
    <date>2016-12-15</date>
    <email>xxxx</email>
  </booking>
  <booking id="f3a22d03-6c01-464e-bda4-4c47b2e3aba5">
    <bookingid>859c6883-cf40-46a2-8c44-bdcd46c03c1b</bookingid>
    <serviceid>56aff76b-0fd3-4ef3-865b-d5479a25c9f5</serviceid>
    <date>2016-12-15</date>
    <email>xxxx</email>
  </booking>
  <booking id="2c8d00fd-19e5-4523-be1b-82e487816de2">
    <bookingid>859c6883-cf40-46a2-8c44-bdcd46c03c1b</bookingid>
    <serviceid>56aff76b-0fd3-4ef3-865b-d5479a25c9f5</serviceid>
    <date>2016-12-15</date>
    <email>xxxx</email>
  </booking>
  <booking id="1915f4de-22fd-460f-87ec-c42966cad933">
    <bookingid>859c6883-cf40-46a2-8c44-bdcd46c03c1b</bookingid>
    <serviceid>56aff76b-0fd3-4ef3-865b-d5479a25c9f5</serviceid>
    <date>2016-12-15</date>
    <email>xxxx</email>
  </booking>
  <booking id="f98d42c8-bed6-46c1-9150-f4ebaf940abb">
    <bookingid>859c6883-cf40-46a2-8c44-bdcd46c03c1b</bookingid>
    <serviceid>56aff76b-0fd3-4ef3-865b-d5479a25c9f5</serviceid>
    <date>2016-12-15</date>
    <email>xxxx</email>
  </booking>
  <booking id="3b49b6b7-8fd1-423e-987d-f4c37938d701">
    <bookingid>859c6883-cf40-46a2-8c44-bdcd46c03c1b</bookingid>
    <serviceid>56aff76b-0fd3-4ef3-865b-d5479a25c9f5</serviceid>
    <date>2016-12-15</date>
    <email>xxxx</email>
  </booking>
<booking id="77e0d831-1484-4051-ad49-127f54e24dd3">
    <bookingid>75e71f84-4630-4af2-af52-bc3e9d9ba37e</bookingid>
    <serviceid>77bf51e6-b658-40b4-8fb0-f38eb5a6a5ec</serviceid>
    <date>2016-12-01</date>
    <email>zz</email>
  </booking>
  <booking id="d02ef940-b52d-4cdd-992f-23479bd2fda4">
    <bookingid>75e71f84-4630-4af2-af52-bc3e9d9ba37e</bookingid>
    <serviceid>56aff76b-0fd3-4ef3-865b-d5479a25c9f5</serviceid>
    <date>2016-12-01</date>
    <email>zz</email>
  </booking>
  <booking id="b7f78920-3b03-43fd-8ae4-ffd20c30406d">
    <bookingid>75e71f84-4630-4af2-af52-bc3e9d9ba37e</bookingid>
    <serviceid>56aff76b-0fd3-4ef3-865b-d5479a25c9f5</serviceid>
    <date>2016-12-01</date>
    <email>zz</email>
  </booking>
  <booking id="455a6574-e24e-4511-85c1-632fc1a6d26b">
    <bookingid>75e71f84-4630-4af2-af52-bc3e9d9ba37e</bookingid>
    <serviceid>56aff76b-0fd3-4ef3-865b-d5479a25c9f5</serviceid>
    <date>2016-12-01</date>
    <email>zz</email>
  </booking>
  <booking id="a9e30df7-3440-4646-a57e-0acf37a2e186">
    <bookingid>75e71f84-4630-4af2-af52-bc3e9d9ba37e</bookingid>
    <serviceid>77bf51e6-b658-40b4-8fb0-f38eb5a6a5ec</serviceid>
    <date>2016-12-02</date>
    <email>zz</email>
  </booking>
  <booking id="ea783ef0-45a9-4cc6-9eaa-6f32679c398c">
    <bookingid>75e71f84-4630-4af2-af52-bc3e9d9ba37e</bookingid>
    <serviceid>56aff76b-0fd3-4ef3-865b-d5479a25c9f5</serviceid>
    <date>2016-12-02</date>
    <email>zz</email>
  </booking>
  <booking id="8edea51f-5f9a-4402-99d3-47a808fd772d">
    <bookingid>75e71f84-4630-4af2-af52-bc3e9d9ba37e</bookingid>
    <serviceid>56aff76b-0fd3-4ef3-865b-d5479a25c9f5</serviceid>
    <date>2016-12-02</date>
    <email>zz</email>
  </booking>
  <booking id="2fd206d5-db0e-4c9d-a632-979751d237b9">
    <bookingid>75e71f84-4630-4af2-af52-bc3e9d9ba37e</bookingid>
    <serviceid>56aff76b-0fd3-4ef3-865b-d5479a25c9f5</serviceid>
    <date>2016-12-02</date>
    <email>zz</email>
  </booking>
<booking id="22033acb-9ead-4ba1-8381-181efe12f81c">
    <bookingid>c313a007-0a2b-4790-8028-14a349a33546</bookingid>
    <serviceid>6a1742ce-a332-4240-ba42-5760ae05f849</serviceid>
    <date>2016-12-22</date>
    <email>fdfef</email>
  </booking>
  <booking id="071d6bc1-3717-472a-a106-383adbb38143">
    <bookingid>c313a007-0a2b-4790-8028-14a349a33546</bookingid>
    <serviceid>6a1742ce-a332-4240-ba42-5760ae05f849</serviceid>
    <date>2016-12-22</date>
    <email>fdfef</email>
  </booking>
  <booking id="44602497-0b29-47ad-85e6-1cf0d3aa6d2a">
    <bookingid>c313a007-0a2b-4790-8028-14a349a33546</bookingid>
    <serviceid>77bf51e6-b658-40b4-8fb0-f38eb5a6a5ec</serviceid>
    <date>2016-12-22</date>
    <email>fdfef</email>
  </booking>
  <booking id="51f948a4-c3fd-4475-937a-37a7a9b00ce4">
    <bookingid>c313a007-0a2b-4790-8028-14a349a33546</bookingid>
    <serviceid>56aff76b-0fd3-4ef3-865b-d5479a25c9f5</serviceid>
    <date>2016-12-22</date>
    <email>fdfef</email>
  </booking>
</bookings>
